id,keyword,scraped_url,content_type,title,task_id,source_file,created_at,cloudflarer2_url,cloudflarer2_key
35,Industrial boiler product overview video,https://www.youtube.com/watch?v=fk3DjD9gSsk,youtube,What is a Boiler and How does It Work?,task_1762362436.746436,keywords1.csv,2025-11-05T17:08:00.183237,,
36,Industrial boiler product overview video,https://www.youtube.com/watch?v=8hrfYK_C8h0,youtube,Domestic wood fire hot water boiler,task_1762362436.746436,keywords1.csv,2025-11-05T17:08:00.183246,,
37,Industrial boiler product overview video,https://www.speboilers.com/assets/img/products/Industrial-Steam-Boiler.jpg,image,Industrial Steam Boiler | Products,task_1762362436.746436,keywords1.csv,2025-11-05T17:08:00.183249,,
38,Industrial boiler product overview video,https://www.rasmech.com/wp-content/uploads/2020/11/D-Style-5.jpg,image,Industrial Boilers,task_1762362436.746436,keywords1.csv,2025-11-05T17:08:00.183251,,
39,Steam drum components and documentation,https://www.youtube.com/watch?v=hqKwDUVqh1c,youtube,Steam Drum mountings & Internal detail | Function of SD| CBD | IBD | High pressure dosing,task_1762362436.746436,keywords1.csv,2025-11-05T17:08:44.874503,,
40,Steam drum components and documentation,https://www.youtube.com/watch?v=Tea6e7AmZFs,youtube,Power Boiler Feedwater and Steam,task_1762362436.746436,keywords1.csv,2025-11-05T17:08:44.874511,,
41,Steam drum components and documentation,https://boilersinfo.com/wp-content/uploads/2018/05/Boiler-steam-Drum-Internals.jpg,image,Boiler Steam drum internals and function,task_1762362436.746436,keywords1.csv,2025-11-05T17:08:44.874514,,
42,Steam drum components and documentation,https://blogger.googleusercontent.com/img/b/R29vZ2xl/AVvXsEjSqw3SfHVfTcc-eriouVJbJY_B_z-J8xXvq_qme4XNmDIRXJsAkSkrzV-nGY9CPO1pW2tG9nKg5_rrc655fiCKBDeLPL05sEmVLpkZ7Bkn0npYHTH9wcGdqRFoeeDFoq-1dy3cLpzYRRWhoYk7BaLUI1zm8dvKohr0dZo9XTxW9P3Zk6Ni45ZFv836B7op/s909/Boiler Steam Drum Parts.png,image,Power plant and calculations: 9-Functions of Boiler steam drum,task_1762362436.746436,keywords1.csv,2025-11-05T17:08:44.874517,,
43,Boiler OEM training video Alstom Foster Wheeler,https://www.youtube.com/watch?v=dVBoZ4PfZmE,youtube,Boiler Working Animation,task_1762362436.746436,keywords1.csv,2025-11-05T17:09:25.610995,,
44,Boiler OEM training video Alstom Foster Wheeler,https://www.youtube.com/watch?v=yxi2PhR_MgQ,youtube,Animazione 3D Degassificatore Termochimica,task_1762362436.746436,keywords1.csv,2025-11-05T17:09:25.611003,,
45,Boiler OEM training video Alstom Foster Wheeler,https://www.savonaequipment.com/images/163995-554x554s/foster-wheeler-8-mmbtu-dowtherm-boiler-wholesale-supplier.jpg,image,Foster Wheeler Boilers Naval,task_1762362436.746436,keywords1.csv,2025-11-05T17:09:25.611005,,
46,Boiler OEM training video Alstom Foster Wheeler,https://www.aaronequipment.com/Images/ItemImages/Boilers/Water-Tube/Foster-Wheeler-AG-5050_52778001_aa.png,image,"Used Foster Wheeler D-Type Water Tube Boiler ‚Äì 75,000 lb/hr, 280 PSIG",task_1762362436.746436,keywords1.csv,2025-11-05T17:09:25.611009,,
47,Subcritical boiler maintenance guide,https://www.youtube.com/watch?v=HQifV1uAXB4,youtube,"The Mighty Super ultra critical Boiler, #boilers  #powerplant  #shorts",task_1762362436.746436,keywords1.csv,2025-11-05T17:10:07.201236,,
48,Subcritical boiler maintenance guide,https://www.youtube.com/watch?v=esRxfmqPNhw,youtube,Investigating Bulges in Water Tube Boilers: Procedures and Repair Guidelines,task_1762362436.746436,keywords1.csv,2025-11-05T17:10:07.201243,,
49,Subcritical boiler maintenance guide,https://m.media-amazon.com/images/I/71giQEkSokL.jpg,image,Buy Steam Boiler Operating And Maintenance Manual: Working Principle ...,task_1762362436.746436,keywords1.csv,2025-11-05T17:10:07.201245,,
50,Subcritical boiler maintenance guide,https://www.wcrouse.com/wp-content/uploads/The-Complete-Guide-to-Boiler-Operation-and-Maintenance-2048x1152.jpg,image,The Complete Guide To Boiler Operation and Maintenance | WC Rouse & Son,task_1762362436.746436,keywords1.csv,2025-11-05T17:10:07.201248,,
51,Drum boiler manufacturer introduction,https://www.youtube.com/watch?v=2OlKNWvqC28,youtube,Steam drum of boiler,task_1762362436.746436,keywords1.csv,2025-11-05T17:11:09.965002,,
52,Drum boiler manufacturer introduction,https://www.youtube.com/watch?v=zho6FH9ZjVA,youtube,Boiler steam drum cleaning after opening drum internal,task_1762362436.746436,keywords1.csv,2025-11-05T17:11:09.965010,,
81,Industrial boiler product overview video,https://www.youtube.com/watch?v=2EXUATRWUkI,youtube,Woodmaster 230 Commercial Boiler,task_1762365438.240397,keywords1.csv,2025-11-05T17:58:06.043247,,
82,Industrial boiler product overview video,https://www.youtube.com/watch?v=UUAuFbbij7Y,youtube,Industrial Boiler Installation | Bidragon Engineering Team in Action@bidragonboiler8829  #boiler,task_1762365438.240397,keywords1.csv,2025-11-05T17:58:06.043254,,
83,Industrial boiler product overview video,https://ural-power.info/images/eng_steam_boiler.jpg,image,Industrial Steam Boiler,task_1762365438.240397,keywords1.csv,2025-11-05T17:58:06.043257,,
84,Industrial boiler product overview video,https://www.speboilers.com/assets/img/products/Industrial-Boiler.jpg,image,Industrial Boiler | Products,task_1762365438.240397,keywords1.csv,2025-11-05T17:58:06.043259,,
85,Steam drum components and documentation,https://www.youtube.com/watch?v=FdrtcAd_xY4,youtube,Boiler and Main Components of Boiler in hindi #boiler,task_1762365438.240397,keywords1.csv,2025-11-05T17:58:55.537933,,
86,Steam drum components and documentation,https://www.youtube.com/watch?v=Q7WynCtaeN8,youtube,Boiler interview questions answers | Boiler Exam Preparation,task_1762365438.240397,keywords1.csv,2025-11-05T17:58:55.537938,,
87,Steam drum components and documentation,https://gazogenerator.com/img/659/image527.jpg,image,Power plant maintenance: STEAM DRUM INTERNAL PARTS,task_1762365438.240397,keywords1.csv,2025-11-05T17:58:55.537940,,
88,Steam drum components and documentation,https://1.bp.blogspot.com/-XoUh47xh58Y/XXj7oGeTIdI/AAAAAAAAA60/KIS5urJa4kcaV1vxt_mSBJi5ldFgNoeNgCEwYBhgL/s1600/image529.jpg,image,Steam Drum - Thermal Power Tech,task_1762365438.240397,keywords1.csv,2025-11-05T17:58:55.537942,,
93,Industrial boiler product overview video,https://www.youtube.com/watch?v=jo4AUUMoa9U,youtube,High Productivity Ironing ##‚ùóÔ∏è‚ùóÔ∏è,task_1762365993.529776,keywords1.csv,2025-11-05T18:07:46.022649,,
94,Industrial boiler product overview video,https://www.youtube.com/watch?v=eg0ZWVeIxSU,youtube,Explain Fluid Bed Dryer Machine Process with 3D Animation Video!! #shorts #fbd #3danimation,task_1762365993.529776,keywords1.csv,2025-11-05T18:07:46.022659,,
95,Industrial boiler product overview video,https://hisarmak.com.tr/wp-content/uploads/2024/12/hisarmak-15.jpg,image,Industrial Boiler Systems - HISARMAK,task_1762365993.529776,keywords1.csv,2025-11-05T18:07:46.022664,,
96,Industrial boiler product overview video,https://www.thermodyneboilers.com/wp-content/uploads/2022/09/Industrial-Steam-Boiler-Manufacturer-Product-List-768x576.png,image,Industrial Steam Boiler Manufacturer in India | Thermodyne Boilers,task_1762365993.529776,keywords1.csv,2025-11-05T18:07:46.022667,,
118,Steam drum components and documentation,https://www.youtube.com/watch?v=JreU8EyAGug,youtube,Steam Drum||boiler steam drum internal parts||steam drum internal,task_1762367172.614328,keywords1.csv,2025-11-05T18:26:50.721265,,
119,Steam drum components and documentation,https://www.youtube.com/watch?v=gsjkeB5KDmE,youtube,How Safety Valves Actually Work #engineering #stem,task_1762367172.614328,keywords1.csv,2025-11-05T18:26:50.721270,,
120,Steam drum components and documentation,https://savree-storage.s3.amazonaws.com/Articles/optimised/Steam Drum Internals.png,image,Boiler Steam Drum Explained - saVRee,task_1762367172.614328,keywords1.csv,2025-11-05T18:26:50.721273,,
121,Steam drum components and documentation,http://img.bhs4.com/9D/4/9D42FD014FEB812F8960C2D732CCBF334E4CE649_lis.jpg,image,Superheater Inspection in Marine Boilers,task_1762367172.614328,keywords1.csv,2025-11-05T18:26:50.721275,,
122,Boiler OEM training video Alstom Foster Wheeler,https://www.youtube.com/watch?v=l4l8Z18HN-s,youtube,Boiler Manufacturing and Piping | Isgec Heavy Engineering | Rattangarh | Yamunanagar | Haryana,task_1762367172.614328,keywords1.csv,2025-11-05T18:27:07.319311,,
123,Boiler OEM training video Alstom Foster Wheeler,https://www.youtube.com/watch?v=zA08e9UAD2s,youtube,Why their is emission in Engines ü§îü§î | Upsc interview | IAS interview #upscinterview #ias #upsc,task_1762367172.614328,keywords1.csv,2025-11-05T18:27:07.319316,,
124,Boiler OEM training video Alstom Foster Wheeler,https://www.researchgate.net/publication/289853205/figure/fig4/AS:748052872716288@1555361111434/Foster-Wheeler-INTREX-loop-seal-superheater-15.png,image,Foster Wheeler Boilers Naval,task_1762367172.614328,keywords1.csv,2025-11-05T18:27:07.319318,,
125,Boiler OEM training video Alstom Foster Wheeler,https://image.slidesharecdn.com/alstompartsforfosterwheelerplants-140717154513-phpapp02/85/Alstom-parts-for-foster-wheeler-plants-32-638.jpg,image,Alstom parts for foster wheeler plants | PDF | Manufacturing Industry ...,task_1762367172.614328,keywords1.csv,2025-11-05T18:27:07.319319,,
126,Subcritical boiler maintenance guide,https://www.youtube.com/watch?v=5Fo8JjqjBXA,youtube,Boiler Shutdown || Types of Boiler Shutdown || Safe Procedure of CFBC & AFBC Boiler Shutdown,task_1762367172.614328,keywords1.csv,2025-11-05T18:27:27.670216,,
127,Subcritical boiler maintenance guide,https://www.miuraboiler.ca/wp-content/uploads/elementor/thumbs/Boiler-Maintenance-Schedule-2048-√ó-2800-px-e1684159587911-q6i57kme7s010ju5oec3wurckou38s803zwelpradc.png,image,Boiler Maintenance: When Should it be Done? What Needs Doing? - Miura ...,task_1762367172.614328,keywords1.csv,2025-11-05T18:27:27.670222,,
128,Subcritical boiler maintenance guide,https://www.wcrouse.com/wp-content/uploads/bb-plugin/cache/wcrouse-checklist-image-square-613c378c923e77f74577bc95cf674482-goivq3upx6ts.jpg,image,The Complete Guide To Boiler Operation and Maintenance | WC Rouse & Son,task_1762367172.614328,keywords1.csv,2025-11-05T18:27:27.670225,,
129,Drum boiler manufacturer introduction,https://www.youtube.com/watch?v=FLOVe2oXlos,youtube,Detail Introduction SZL Double Drum Coal Biomass Boiler,task_1762367172.614328,keywords1.csv,2025-11-05T18:27:46.589553,,
130,Drum boiler manufacturer introduction,https://www.youtube.com/watch?v=nK-52O7P_s0,youtube,how to work boiler | ‡§¨‡•â‡§Ø‡§≤‡§∞ ‡§ï‡•à‡§∏‡•á ‡§ï‡§æ‡§Æ ‡§ï‡§∞‡§§‡§æ ‡§π‡•à | boiler steam generate | boiler full details #boiler,task_1762367172.614328,keywords1.csv,2025-11-05T18:27:46.589560,,
131,Drum boiler manufacturer introduction,https://www.pennarindia.com/img/bi-drum.jpg,image,Boiler Drum Manufacturers In India at Tayla Thornton blog,task_1762367172.614328,keywords1.csv,2025-11-05T18:27:46.589562,,
132,Drum boiler manufacturer introduction,http://hdboilerparts.com/products/1_boiler_steam_drum_01b.jpg,image,Boiler Drum Components,task_1762367172.614328,keywords1.csv,2025-11-05T18:27:46.589564,,
133,Industrial boiler product overview video,https://www.youtube.com/watch?v=WRPfEnyjwSI,youtube,Khoya Making Machine | Khoya or Mawa Making Machines | Milk Boiler Machine,task_1762367417.182883,keywords1.csv,2025-11-05T18:30:40.208687,,
134,Industrial boiler product overview video,https://www.youtube.com/watch?v=K0xu-VR15D4,youtube,How shirts get pressed & ironed at the dry cleaner #behindthescenes,task_1762367417.182883,keywords1.csv,2025-11-05T18:30:40.208695,,
135,Steam drum components and documentation,https://www.youtube.com/watch?v=OrCLzfQCwN0,youtube,DRUM INTERNAL || Function of Drum Internal || Steam Separation in Drum || in Hindi,task_1762367417.182883,keywords1.csv,2025-11-05T18:31:01.262564,,
136,Steam drum components and documentation,https://www.youtube.com/watch?v=XNPyfRL_myM,youtube,Boiler Steam Drum || Steam Drum Parts & Function || Advantage of Drum type Boiler | Steam Separation,task_1762367417.182883,keywords1.csv,2025-11-05T18:31:01.262571,,
137,Boiler OEM training video Alstom Foster Wheeler,https://www.youtube.com/watch?v=bHLO4XQr6zo,youtube,Isgec Presses - A Journey of Achievements and Innovations - Eagle Press - Japanese Version,task_1762367417.182883,keywords1.csv,2025-11-05T18:31:21.267709,,
138,Boiler OEM training video Alstom Foster Wheeler,https://image.slidesharecdn.com/alstompartsforfosterwheelerplants-140717154513-phpapp02/75/Alstom-parts-for-foster-wheeler-plants-21-2048.jpg,image,Alstom parts for foster wheeler plants | PDF | Manufacturing Industry ...,task_1762367417.182883,keywords1.csv,2025-11-05T18:31:21.267714,,
139,Boiler OEM training video Alstom Foster Wheeler,https://image.slidesharecdn.com/alstompartsforfosterwheelerplants-140717154513-phpapp02/75/Alstom-parts-for-foster-wheeler-plants-40-2048.jpg,image,Alstom parts for foster wheeler plants | PDF | Manufacturing Industry ...,task_1762367417.182883,keywords1.csv,2025-11-05T18:31:21.267716,,
140,Subcritical boiler maintenance guide,https://solarkaz.com/wp-content/uploads/2023/07/blog-cover.webp,image,Boiler Maintenance Tips For Optimal Performance ‚Äì Solarkaz International,task_1762367417.182883,keywords1.csv,2025-11-05T18:31:42.669434,,
141,Subcritical boiler maintenance guide,https://www.wcrouse.com/wp-content/uploads/Daily-Industrial-Boiler-Checklist.jpg,image,The Complete Guide To Boiler Operation and Maintenance | WC Rouse & Son,task_1762367417.182883,keywords1.csv,2025-11-05T18:31:42.669442,,
142,Industrial boiler product overview video,"https://www.cedengineering.com/userfiles/Boiler%20Basics,%20Operation%20and%20Maintenance.pdf",pdf,"Boiler Basics, Operation and Maintenance",task_1762367592.940801,keywords1.csv,2025-11-05T18:33:42.997959,,
143,Industrial boiler product overview video,https://www.mactechonsite.com/wp-content/uploads/Boilers.pdf,pdf,Boilers.pdf,task_1762367592.940801,keywords1.csv,2025-11-05T18:33:43.003470,,
144,Steam drum components and documentation,https://www.youtube.com/watch?v=uDJbmOFaO3U,youtube,Discussing the Steam Drum and How it Works - Boiling Point,task_1762367592.940801,keywords1.csv,2025-11-05T18:34:06.122064,,
145,Steam drum components and documentation,https://www.youtube.com/watch?v=dJ39eNb1YTY,youtube,#boiler #steam || boiler steam drum ke andar kya kya lga hota hai dekhe is video me,task_1762367592.940801,keywords1.csv,2025-11-05T18:34:06.122072,,
146,Steam drum components and documentation,https://www.wbdg.org/FFC/DOD/UFGS/UFGS%2023%2052%2053.00%2020.pdf,pdf,"UFGS 23 52 53.00 20 Steam Boilers and Equipment (18,000,000 - 60,000,000 BTU/HR)",task_1762367592.940801,keywords1.csv,2025-11-05T18:34:06.122076,,
147,Steam drum components and documentation,https://cfm.va.gov/cfm/til/dManual/dmSm01.pdf,pdf,"Steam DM Vol 1, Steam Boilers - Steam, Heating Hot Water, and Outside Distribution Systems Design Manual",task_1762367592.940801,keywords1.csv,2025-11-05T18:34:06.130855,,
148,Boiler OEM training video Alstom Foster Wheeler,https://www.xylenepower.com/STEAM_PLANT_OPERATION.pdf,pdf,Steam Plant Operation,task_1762367592.940801,keywords1.csv,2025-11-05T18:34:30.074146,,
149,Boiler OEM training video Alstom Foster Wheeler,https://www.gevernova.com/content/dam/gepower-steam/global/en_US/documents/Steam-Services-Catalog.pdf,pdf,GE Steam Power Services catalog,task_1762367592.940801,keywords1.csv,2025-11-05T18:34:30.102007,,
150,Subcritical boiler maintenance guide,https://www.youtube.com/watch?v=46iGmynYOMc,youtube,SFXW Core Separations Subcritical Water manual,task_1762367592.940801,keywords1.csv,2025-11-05T18:35:03.567356,,
151,Subcritical boiler maintenance guide,https://dl.gasplus.ir/standard-ha/Standard-ASME/ASME%20BPVC%202021%20Section%20VII.pdf,pdf,VII RECOMMENDED GUIDELINES FOR THE CARE OF POWER BOILERS,task_1762367592.940801,keywords1.csv,2025-11-05T18:35:03.567369,,
152,Subcritical boiler maintenance guide,https://www.cfm.va.gov/til/inspManual/inspBoilerTestingManual.pdf,pdf,VHA Boiler and Associated Plant Safety Device Testing Manual,task_1762367592.940801,keywords1.csv,2025-11-05T18:35:03.578240,,
153,Drum boiler manufacturer introduction,https://www.youtube.com/watch?v=8fhCMtwU6bE,youtube,Introduction to Boiler & it's parts- Furnace and Boiler drum (Part2 Video #1) #boiler #Trending #YT,task_1762367592.940801,keywords1.csv,2025-11-05T18:35:35.602527,,
154,Drum boiler manufacturer introduction,https://www.youtube.com/watch?v=Wd4FU3lPanw,youtube,How are Industrial Watertube Boilers Made | Cleaver-Brooks,task_1762367592.940801,keywords1.csv,2025-11-05T18:35:35.602542,,
155,Drum boiler manufacturer introduction,https://www.parboiler.com/images/product/1716193828single-bi-drum-d-type-boiler-4.jpg,image,"Single/Bi Drum D type Boiler Manufacturers in Ahmedabad, India",task_1762367592.940801,keywords1.csv,2025-11-05T18:35:35.602548,,
156,Drum boiler manufacturer introduction,https://www.steamturbo.net/uploads/202134497/boiler-drum04169695370.jpg,image,"China Customized Boiler Drum Suppliers, Manufacturers, Factory ...",task_1762367592.940801,keywords1.csv,2025-11-05T18:35:35.602553,,
157,Drum boiler manufacturer introduction,https://www.thermodyne.in/download/techpapers/Bi-drum%20vs.Single%20Drum%20Boilers.pdf,pdf,Microsoft Word - Bi-drum vs.Single Drum Boilers,task_1762367592.940801,keywords1.csv,2025-11-05T18:35:35.602557,,
158,Drum boiler manufacturer introduction,https://www.cedengineering.com/userfiles/An%20Introduction%20to%20Steam%20Boilers%20and%20Turbines%20for%20Power%20Plants%20R1.pdf,pdf,An Introduction to Steam Boilers and Turbines for Power ...,task_1762367592.940801,keywords1.csv,2025-11-05T18:35:35.614435,,
159,Supercritical boiler design documentation,https://image.slidesharecdn.com/660mwsupercriticalboiler-160309132716/75/660-mw-supercritical-boiler-10-2048.jpg,image,660 mw supercritical boiler | PPT | Chemistry | Science,task_1762369907.870546,keywords1.csv,2025-11-05T19:12:23.588096,,
160,Supercritical boiler design documentation,https://www.mhi.com/technology/review/sites/g/files/jwhtju2326/files/media/pdf/e503059.pdf,pdf,Design Technology for Supercritical Sliding Pressure ...,task_1762369907.870546,keywords1.csv,2025-11-05T19:12:23.588113,,
161,Supercritical boiler design documentation,https://www.emerson.com/documents/automation/article-supercritical-control-en-37630.pdf,pdf,Supercritical Control,task_1762369907.870546,keywords1.csv,2025-11-05T19:12:23.626278,,
162,Supercritical boiler manufacturer introduction,https://www.youtube.com/watch?v=2VTCdn_Rqr0,youtube,Unlocking the Power: Exploring High Pressure Boilers,task_1762369907.870546,keywords1.csv,2025-11-05T19:12:58.210515,,
163,Supercritical boiler manufacturer introduction,https://www.mhi.com/technology/review/sites/g/files/jwhtju2326/files/media/pdf/e522055.pdf,pdf,"Mitsubishi Hitachi Power Systems Ltd. Boiler Business and Technology Development,Mitsubishi Heavy Industries Technical Review  Vol.52 No.2(2015)",task_1762369907.870546,keywords1.csv,2025-11-05T19:12:58.210530,,
164,Supercritical boiler manufacturer introduction,https://www.babcock.com/assets/PDF-Downloads/General-Company-Overview/E101-3126-BW-Product-Catalog-English-Babcock-Wilcox.pdf,pdf,Supercritical boiler manufacturer introduction,task_1762369907.870546,keywords1.csv,2025-11-05T19:12:58.222699,,
165,Supercritical boiler components video,https://www.youtube.com/watch?v=t-4rYwOGZ_w,youtube,Subcritical Vs Supercritical Boiler || Difference between Subcritical and Supercritical Boiler,task_1762369907.870546,keywords1.csv,2025-11-05T19:13:37.687599,,
166,Supercritical boiler components video,https://www.youtube.com/watch?v=0E8YfhIAJKk,youtube,3D Animation Demonstration Video of Subcritical Boiler Operation,task_1762369907.870546,keywords1.csv,2025-11-05T19:13:37.687612,,
167,Supercritical boiler components video,https://cea.nic.in/wp-content/uploads/2020/04/supercritical.pdf,pdf,standard technical features of btg system for supercritical 660,task_1762369907.870546,keywords1.csv,2025-11-05T19:13:37.687617,,
168,Supercritical boiler components video,https://www.osti.gov/bridge/servlets/purl/908300-KWsBgh/908300.pdf,pdf,ultra-supercritical pressure cfb boiler conceptual design study,task_1762369907.870546,keywords1.csv,2025-11-05T19:13:37.701777,,
169,Supercritical boiler OEM product overview,https://www.youtube.com/watch?v=m_B7q6Syu9U,youtube,"Low Pressure Boiler Manufacturers, Suppliers, and Industry Information",task_1762370961.970789,keywords1.csv,2025-11-05T19:29:45.614474,,
170,Supercritical boiler OEM product overview,https://www.youtube.com/watch?v=CVxjd2LDOv0,youtube,5 key factors for Selection of Boiler and Steam Turbine,task_1762370961.970789,keywords1.csv,2025-11-05T19:29:45.619579,,
171,Supercritical boiler OEM product overview,https://www.babcock.com/assets/Images-on-Page/Spiral-Wound-Universal-Pressure-Boiler-Babcock-Wilcox__ResizedImageWzYwMCw2MDBd.gif,image,Spiral Wound (SWUP) Supercritical Boiler ¬ª Babcock & Wilcox,task_1762370961.970789,keywords1.csv,2025-11-05T19:29:46.254615,,task_1762370961.970789/Supercritical_boiler_OEM_product_overview_image_7fa77215.gif
172,Supercritical boiler OEM product overview,https://mdpi-res.com/d_attachment/energies/energies-13-02935/article_deploy/energies-13-02935.pdf,pdf,Modeling and Control of Supercritical and Ultra-Supercritical Power Plants: A Review,task_1762370961.970789,keywords1.csv,2025-11-05T19:29:59.562687,,task_1762370961.970789/Supercritical_boiler_OEM_product_overview_pdf_bb1b4c10.pdf
173,Supercritical boiler OEM product overview,https://www.steamforum.com/pictures/Supercritical%20TN%2020%20PF%20Super%20Critical.pdf,pdf,PF-Fired Supercritical Boilers - Operational Issues and Coal ...,task_1762370961.970789,keywords1.csv,2025-11-05T19:30:06.641103,,task_1762370961.970789/Supercritical_boiler_OEM_product_overview_pdf_7a34e0b7.pdf
174,Supercritical boiler operation manual PDF,https://api.pageplace.de/preview/DT0400.9788770225908_A42263346/preview-9788770225908_A42263346.pdf,pdf,Boiler Operator's Handbook 3rd Edition,task_1762370961.970789,keywords1.csv,2025-11-05T19:30:38.554154,,task_1762370961.970789/Supercritical_boiler_operation_manual_PDF_pdf_70a84910.pdf
175,Supercritical boiler operation manual PDF,https://www.rexresearch1.com/SteamLibrary/BoilerOperatorsHandbookHeselton.pdf,pdf,Boiler operator's handbook,task_1762370961.970789,keywords1.csv,2025-11-05T19:30:45.423668,,
197,Fulton FB-E tube failure,https://www.youtube.com/watch?v=6StpoKkH6FQ,youtube,THIS GAME BANS YOUR ROBLOX ACCOUNT!! #shorts #roblox,task_1762373170.034956,keywords1.csv,2025-11-05T20:09:11.994832,,
198,Fulton FB-E tube failure,https://www.youtube.com/watch?v=iszfA0d-iQ4,youtube,How Competitive Eaters Don‚Äôt Choke üòÆ,task_1762373170.034956,keywords1.csv,2025-11-05T20:11:53.570861,,
199,Fulton FB-E tube failure,http://www.pavuli.co.za/wp-content/uploads/2022/03/3.-Third-Blog-1.jpg,image,Causes of Boiler Tube Failure ‚Äì Pavuli Services,task_1762373170.034956,keywords1.csv,2025-11-05T20:13:16.210497,,images/Fulton_FB-E_tube_failure_image_3c8b4d77.jpg
200,Fulton FB-E tube failure,https://us.v-cdn.net/5021738/uploads/editor/wc/haebeosb0dtp.jpeg,image,Evacuated tube failure ‚Äî Heating Help: The Wall,task_1762373170.034956,keywords1.csv,2025-11-05T20:13:19.285479,,images/Fulton_FB-E_tube_failure_image_e2eeebcf.jpg
201,Fulton FB-E tube failure,https://www.boilerdata.com/uploads/7/4/1/4/7414458/boiler-manual-fulton-fbe.pdf,pdf,"FB-E Installation, Operation and Maintenance Manual",task_1762373170.034956,keywords1.csv,2025-11-05T20:13:24.316117,,pdfs/Fulton_FB-E_tube_failure_pdf_41b4c7d2.pdf
202,Fulton FB-E tube failure,https://www.boilerdata.com/uploads/7/4/1/4/7414458/boiler-manual-fulton-icx.pdf,pdf,boiler-manual-fulton-icx.pdf,task_1762373170.034956,keywords1.csv,2025-11-05T20:13:28.352836,,pdfs/Fulton_FB-E_tube_failure_pdf_3a711e51.pdf
203,Fulton FB-E startup trip problem,https://steineratlantic.com/wp-content/uploads/2021/11/FB-E-600x997.webp,image,Fulton FB-E Steam Boiler ‚Äì Steiner-Atlantic,task_1762373659.348823,keywords1.csv,2025-11-05T20:17:25.766030,,images/Fulton_FB-E_startup_trip_problem_image_46d701fc.webp
204,Fulton FB-E startup trip problem,https://thumbs.dreamstime.com/z/unplanned-business-loss-fail-startup-rocket-crash-management-mistake-problem-workers-first-bad-experience-concept-217740418.jpg,image,Unplanned Business Loss and Fail. Startup Rocket Crash. Management ...,task_1762373659.348823,keywords1.csv,2025-11-05T20:17:28.933808,,images/Fulton_FB-E_startup_trip_problem_image_1e57d87b.jpg
205,Fulton FB-E startup trip problem,https://www.boilerdata.com/uploads/7/4/1/4/7414458/boiler-manual-fulton-fbl.pdf,pdf,elecst-iom-071207:Layout 1.qxd,task_1762373659.348823,keywords1.csv,2025-11-05T20:17:34.991101,,pdfs/Fulton_FB-E_startup_trip_problem_pdf_3561076d.pdf
206,Fulton FB-E startup trip problem,https://www.fultoncountyga.gov/-/media/Departments/Purchasing-and-Contract-Compliance/Purchasing-SOP-Standard-Operating-Procedures-5-14-24.pdf,pdf,STANDARD OPERATING PROCEDURES,task_1762373659.348823,keywords1.csv,2025-11-05T20:17:39.573291,,pdfs/Fulton_FB-E_startup_trip_problem_pdf_5125fbed.pdf
207,Chromalox boiler safety valve malfunction,https://www.valvefaucet.com/wp-content/uploads/2023/09/Chromalox-XP-Convection-Heater-CVEP-C-18-41-00-00-For-Hazardous-Locations-480VAC-1800W.jpg,image,Chromalox ‚Äî Valve Plus Faucet Mall: Discover Quality Faucets And Valves ...,task_1762373659.348823,keywords1.csv,2025-11-05T20:19:37.412595,,
208,Chromalox boiler safety valve malfunction,http://www.islandnet.com/~westisle/History/images-mu-gen/Safety valve c .jpg,image,Steam Boiler: Steam Boiler Safety Valve,task_1762373659.348823,keywords1.csv,2025-11-05T20:19:38.896140,,images/Chromalox_boiler_safety_valve_malfunction_image_5a87d7b7.jpg
209,Chromalox boiler safety valve malfunction,https://www.steamforum.com/pictures/Boiler%20Safety%20Valves.pdf,pdf,untitled,task_1762373659.348823,keywords1.csv,2025-11-05T20:20:05.479320,,pdfs/Chromalox_boiler_safety_valve_malfunction_pdf_c629fb15.pdf
211,Ultra supercritical pressure control fault,https://d3i71xaburhd42.cloudfront.net/7f1cb36bef77f04b065a8fec3d0a3c762b6aa737/2-Figure1-1.png,image,Figure 5 from Parallel Control of Ultra-supercritical Unit under ...,task_1762374123.587267,keywords1.csv,2025-11-05T20:25:14.231128,,images/Ultra_supercritical_pressure_control_fault_image_79e75cb7.png
212,Ultra supercritical pressure control fault,https://www.mdpi.com/energies/energies-13-02935/article_deploy/html/images/energies-13-02935-g002-550.jpg,image,Energies | Free Full-Text | Modeling and Control of Supercritical and ...,task_1762374123.587267,keywords1.csv,2025-11-05T20:25:36.113030,,
213,Ultra supercritical pressure control fault,https://mdpi-res.com/d_attachment/energies/energies-16-06197/article_deploy/energies-16-06197-v2.pdf,pdf,Supplementary Control of Conventional Coordinated Control for 1000 MW Ultra-Supercritical Thermal Power Plant Using One-Step Ahead Control,task_1762374123.587267,keywords1.csv,2025-11-05T20:25:43.334582,,pdfs/Ultra_supercritical_pressure_control_fault_pdf_801b12be.pdf
214,Ultra supercritical pressure control fault,https://openaccess.city.ac.uk/id/eprint/35930/1/1-s2.0-S1359431125027279-main.pdf,pdf,Ultra supercritical pressure control fault,task_1762374123.587267,keywords1.csv,2025-11-05T20:25:50.477493,,pdfs/Ultra_supercritical_pressure_control_fault_pdf_684bbe1a.pdf
215,USC boiler leak diagnostic,https://www.researchgate.net/publication/362344904/figure/fig1/AS:11431281078760841@1660241360203/Schematic-of-a-USC-CFB-boiler-unit.png,image,Schematic of a USC CFB boiler unit. | Download Scientific Diagram,task_1762374488.591961,keywords1.csv,2025-11-05T20:31:18.530085,,
216,USC boiler leak diagnostic,https://www.abplumbingheating247.co.uk/wp-content/uploads/2024/11/common-boiler-leaks.jpg,image,Boiler Leaking? Common Causes and How to Fix Them,task_1762374488.591961,keywords1.csv,2025-11-05T20:31:19.261774,,images/USC_boiler_leak_diagnostic_image_21c23eca.jpg
217,USC boiler leak diagnostic,https://www.wbdg.org/FFC/DOD/UFC/ufc_3_430_07_2003_c5.pdf,pdf,"UFC 3-430-07 UFC 3-430-07 Operations and Maintenance: Inspection and Certification of Boilers and Unfired Pressure Vessels, with Change 5",task_1762374488.591961,keywords1.csv,2025-11-05T20:31:48.545670,,
218,USC boiler leak diagnostic,https://www.normsplash.com/Samples/NBBI/912264819/NBBI-NB23-2019-Part-3-en.pdf,pdf,"National Board Inspection Code - NBIC, 2019 Edition - Part 3 - Repairs and Alterations",task_1762374488.591961,keywords1.csv,2025-11-05T20:31:51.515407,,pdfs/USC_boiler_leak_diagnostic_pdf_6263dbed.pdf
222,Modular boiler working Section,https://www.slantfin.com/wp-content/uploads/2017/10/caravan_hotwatergasapplicationguide_cg_10hwg.pdf,pdf,HOT WATER/GAS Modular Boilers - APPLICATION GUIDE,task_1762411412.483853,keywords1.csv,2025-11-06T06:43:48.786201,,pdfs/Modular_boiler_working_Section_pdf_9b51154c.pdf
223,Modular boiler working Section,https://www.huduser.gov/portal/sites/default/files/pdf/Analyzing-Cost-and-Energy-Use-Impact-of-Integrated-Hot-Water-Systems-in-Modular-Construction.pdf,pdf,Analyzing Cost and Energy Use Impact of Integrated Hot Water Systems in Modular Construction,task_1762411412.483853,keywords1.csv,2025-11-06T06:44:01.174453,,pdfs/Modular_boiler_working_Section_pdf_60701f33.pdf
224,Modular boiler working Section,https://www.slantfin.com/wp-content/uploads/2017/10/caravan_hotwatergasapplicationguide_cg_10hwg.pdf,pdf,HOT WATER/GAS Modular Boilers - APPLICATION GUIDE,task_1762411424.205005,keywords1.csv,2025-11-06T06:44:07.700284,,pdfs/Modular_boiler_working_Section_pdf_9b51154c.pdf
225,Modular boiler working Section,https://www.huduser.gov/portal/sites/default/files/pdf/Analyzing-Cost-and-Energy-Use-Impact-of-Integrated-Hot-Water-Systems-in-Modular-Construction.pdf,pdf,Analyzing Cost and Energy Use Impact of Integrated Hot Water Systems in Modular Construction,task_1762411424.205005,keywords1.csv,2025-11-06T06:44:31.128223,,pdfs/Modular_boiler_working_Section_pdf_60701f33.pdf
226,CFB boiler control instrumentation overview,https://www.youtube.com/watch?v=PwQQ8um5pOI,youtube,Three element control on boiler part 2,task_1762411662.155446,keywords1.csv,2025-11-06T06:47:52.174530,,
227,CFB boiler control instrumentation overview,https://www.youtube.com/watch?v=hpqsKdKCox0,youtube,Boiler working Animation #powerplant #instrumentation #calibration #boiler #animation,task_1762411662.155446,keywords1.csv,2025-11-06T06:47:52.205982,,
228,CFB boiler control instrumentation overview,https://www.researchgate.net/profile/Vladimir-Havlena-2/publication/283369167/figure/fig2/AS:393785558224902@1470897202059/Boiler-5A-combustion-control-schematic-on-DCS-operator-station-with-interface-points-of_Q320.jpg,image,CFB boiler schematics. | Download Scientific Diagram,task_1762411662.155446,keywords1.csv,2025-11-06T06:47:52.902337,,
229,CFB boiler control instrumentation overview,https://www.researchgate.net/profile/Vladimir-Havlena-2/publication/283369167/figure/fig4/AS:668308722425871@1536348624752/CFB-boiler-schematics_Q320.jpg,image,CFB boiler schematics. | Download Scientific Diagram,task_1762411662.155446,keywords1.csv,2025-11-06T06:47:53.406525,,
230,CFB boiler startup and shutdown sequence,https://www.youtube.com/watch?v=QBXw7w-sYfQ,youtube,Steam Boiler Startup Procedure,task_1762411662.155446,keywords1.csv,2025-11-06T06:47:57.407278,,
231,CFB boiler startup and shutdown sequence,https://www.youtube.com/watch?v=Kedlz_eSfI0,youtube,Superior boiler startup sequence,task_1762411662.155446,keywords1.csv,2025-11-06T06:47:57.422896,,
232,CFB boiler startup and shutdown sequence,https://image.slidesharecdn.com/cfbcboilerstartupandshutdown-160318173402/85/Cfbc-boiler-startup-and-shutdown-3-320.jpg,image,Cfbc boiler startup and shutdown | PPTX,task_1762411662.155446,keywords1.csv,2025-11-06T06:47:58.071270,,images/CFB_boiler_startup_and_shutdown_sequence_image_d7df769d.jpg
233,CFB boiler startup and shutdown sequence,https://image.slidesharecdn.com/cfbcboilerstartupandshutdown-160318173402/75/Cfbc-boiler-startup-and-shutdown-25-2048.jpg,image,Cfbc boiler startup and shutdown | PPTX,task_1762411662.155446,keywords1.csv,2025-11-06T06:48:00.477332,,images/CFB_boiler_startup_and_shutdown_sequence_image_67074511.jpg
234,CFB boiler material handling system,https://www.youtube.com/watch?v=F0MFv3OYMTk,youtube,"HCE-CFB Boiler Pneumatic Material Handling System (Limestone, Sand, Fly Ash)",task_1762411662.155446,keywords1.csv,2025-11-06T06:48:05.960734,,
235,CFB boiler material handling system,https://www.youtube.com/watch?v=v8VZhiqzEOM,youtube,Ash handling system,task_1762411662.155446,keywords1.csv,2025-11-06T06:48:05.971916,,
236,CFB boiler material handling system,https://image.slidesharecdn.com/boilercfb-190304154022/85/Boiler-cfb-1-320.jpg,image,Boiler cfb | PPT,task_1762411662.155446,keywords1.csv,2025-11-06T06:48:06.584659,,images/CFB_boiler_material_handling_system_image_e6ed80e3.jpg
237,CFB boiler material handling system,http://dhbboiler.com/wp-content/uploads/2023/08/8-16-4-759x1024.jpg,image,Advancements in Large-Scale Circulating Fluidized Bed Boiler (CFB ...,task_1762411662.155446,keywords1.csv,2025-11-06T06:48:08.975366,,images/CFB_boiler_material_handling_system_image_94fa5c45.jpg
238,CFB boiler combustion chamber design,https://www.youtube.com/watch?v=NK7XFpv1lCY,youtube,How It Works - Circulating Fluidized Bed Boiler Process,task_1762411662.155446,keywords1.csv,2025-11-06T06:48:14.653397,,
239,CFB boiler combustion chamber design,https://www.youtube.com/watch?v=pd9zCb-exkU,youtube,Fluidised Bed Combustion - Thermic Fluid Heater - Thermotech Systems Limited,task_1762411662.155446,keywords1.csv,2025-11-06T06:48:14.667131,,
240,CFB boiler combustion chamber design,https://www.researchgate.net/publication/340507874/figure/fig3/AS:878050937942019@1586355065551/Scheme-of-the-fuel-feeding-to-the-combustion-chamber-of-a-CFB-boiler.png,image,Scheme of the fuel feeding to the combustion chamber of a CFB boiler ...,task_1762411662.155446,keywords1.csv,2025-11-06T06:48:15.350279,,
241,CFB boiler combustion chamber design,https://www.researchgate.net/publication/340507874/figure/fig3/AS:878050937942019@1586355065551/Scheme-of-the-fuel-feeding-to-the-combustion-chamber-of-a-CFB-boiler_Q320.jpg,image,Scheme of the fuel feeding to the combustion chamber of a CFB boiler ...,task_1762411662.155446,keywords1.csv,2025-11-06T06:48:16.814148,,
242,CFB boiler performance calculation,https://www.youtube.com/watch?v=yIqRFL5UV1A,youtube,ATD Performance of Boilers lecture 3,task_1762411662.155446,keywords1.csv,2025-11-06T06:48:24.818137,,
243,CFB boiler performance calculation,https://www.youtube.com/watch?v=1xTINT0YEKU,youtube,Performance of Boilers,task_1762411662.155446,keywords1.csv,2025-11-06T06:48:24.841932,,
244,CFB boiler performance calculation,https://dhbboiler.com/wp-content/uploads/2022/07/CFB7.jpg,image,Circulating fluidized bed boiler (CFB Boiler) wear and preventive ...,task_1762411662.155446,keywords1.csv,2025-11-06T06:48:25.671802,,images/CFB_boiler_performance_calculation_image_2d555380.jpg
245,CFB boiler performance calculation,https://image.slidesharecdn.com/cfbboilerbasicdesignoperationandmaintenance-130421215807-phpapp02/75/Cfb-boiler-basic-design-operation-and-maintenance-43-2048.jpg,image,"Cfb boiler basic design, operation and maintenance | PDF | Geology ...",task_1762411662.155446,keywords1.csv,2025-11-06T06:48:30.478013,,images/CFB_boiler_performance_calculation_image_97180066.jpg
246,CFB boiler startup problem fix,https://www.youtube.com/watch?v=OZa6BU8EJ3I,youtube,Circulating Fluidized Bed Boiler Corrosion and Erosion Mitigation - Expert View,task_1762411662.155446,keywords1.csv,2025-11-06T06:48:58.870630,,
247,CFB boiler startup problem fix,https://www.youtube.com/watch?v=yytNCZlmZXE,youtube,Scrubgrass Boiler Repair Video,task_1762411662.155446,keywords1.csv,2025-11-06T06:48:58.903265,,
248,CFB boiler startup problem fix,https://image.slidesharecdn.com/cfbboilerbasicdesignoperationandmaintenance-130421215807-phpapp02/75/Cfb-boiler-basic-design-operation-and-maintenance-10-2048.jpg,image,"Cfb boiler basic design, operation and maintenance | PDF | Geology ...",task_1762411662.155446,keywords1.csv,2025-11-06T06:48:59.776789,,images/CFB_boiler_startup_problem_fix_image_479fce97.jpg
249,CFB boiler startup problem fix,https://im01.itaiwantrade.com/1fc3d592-b9f0-4b46-b02c-cde250612f44/CFB_BOILER_2.jpg,image,CFB BOILER | Taiwantrade.com,task_1762411662.155446,keywords1.csv,2025-11-06T06:49:01.928694,,images/CFB_boiler_startup_problem_fix_image_443afca2.jpg
257,BFB boiler operation manual PDF,https://www.youtube.com/shorts/fZIdG3-KdfQ,youtube,order geyser  call - 7058437155 #geyser #heater #instantgeyser,task_1762413369.82215,keywords1.csv,2025-11-06T07:16:22.278097,,
258,BFB boiler operation manual PDF,https://www.youtube.com/shorts/F-xEQH_PFTY,youtube,VFD Connection with 3-phase Induction Motor,task_1762413369.82215,keywords1.csv,2025-11-06T07:16:47.853411,,
259,BFB boiler operation manual PDF,https://www.5startoolboxstore.com/wp-content/uploads/2023/01/BFB-boiler-burners-1-1-scaled.jpg,image,BFB boiler burners ‚Äì www.5startoolboxstore.com,task_1762413369.82215,keywords1.csv,2025-11-06T07:17:03.567737,,images/BFB_boiler_operation_manual_PDF_image_2b3b285d.jpg
260,BFB boiler performance calculation video,https://i1.rgstatic.net/publication/267621836_Comparing_Boiler_Efficiency_Calculation_Methods/links/57bb168808ae9fdf82ef01c7/largepreview.png,image,(PDF) Comparing Boiler Efficiency Calculation Methods,task_1762413933.436519,keywords1.csv,2025-11-06T07:25:46.248885,,
261,BFB boiler performance calculation video,https://www.capnor.com/uploads/drive/main_22.jpg,image,BFB boiler - Capnor Case Study,task_1762413933.436519,keywords1.csv,2025-11-06T07:25:47.273662,,images/BFB_boiler_performance_calculation_video_image_428199d8.jpg
306,Superior 4-pass boiler system overview,https://www.youtube.com/watch?v=-eVppty7x7A,youtube,Used- Superior Boiler Works Mohawk Boiler - stock # 45421001,task_1762417804.845314,keywords1.csv,2025-11-06T08:30:15.461639,,
307,Superior 4-pass boiler system overview,https://www.youtube.com/watch?v=E1l5ZngAyyU,youtube,Fire tube Boiler System,task_1762417804.845314,keywords1.csv,2025-11-06T08:30:46.283795,,
308,Fulton FB-S boiler instrumentation tutorial,https://www.youtube.com/watch?v=eKq6j8VpCDc,youtube,Green Training: Steam Boiler,task_1762417804.845314,keywords1.csv,2025-11-06T08:31:03.359388,,
309,Fire tube boiler heat balance analysis,https://www.youtube.com/watch?v=Z_Cf6pyRgGY,youtube,GATE PPE Boiler Analysis steam cycle,task_1762417804.845314,keywords1.csv,2025-11-06T08:31:46.278793,,
310,Boiler reheater tube crack troubleshooting,https://www.youtube.com/watch?v=jRlVUqlCAU0,youtube,Analysis of boiler tube failure,task_1762418349.505035,keywords1.csv,2025-11-06T08:39:28.446442,,
311,Boiler reheater tube crack troubleshooting,https://www.youtube.com/watch?v=15Dmzpr0Rfk,youtube,"Lecture on Boiler tube failure and remedies by Dr  Debashis Ghosh , Part 1",task_1762418349.505035,keywords1.csv,2025-11-06T08:40:19.902430,,
312,Ultra supercritical pressure drop troubleshooting,https://www.youtube.com/watch?v=fRv4lWuGzaA,youtube,What's the difference between Subcritical and Supercritical Power Plant,task_1762418571.163194,keywords1.csv,2025-11-06T08:43:09.421693,,
313,Boiler efficiency loss diagnosis USC,https://www.youtube.com/watch?v=VIEzfbwB6yE,youtube,Fitness Tips : How to Become an Athletic Trainer,task_1762418571.163194,keywords1.csv,2025-11-06T08:45:21.193734,,
314,Ultra supercritical boiler manufacturer brochure,https://www.youtube.com/watch?v=YLxiOTY1v6w,youtube,"SubCritical, Supercritical, and UltraSupercritical Boilers - Video Course Sample",task_1762418571.163194,keywords1.csv,2025-11-06T08:45:48.065898,,
315,Ultra supercritical boiler manufacturer brochure,https://www.youtube.com/watch?v=VrbHCfCcw48,youtube,Dry And Wet Mode in Supercritical Boiler,task_1762418571.163194,keywords1.csv,2025-11-06T08:46:07.427145,,
316,USC boiler maintenance guide PDF,https://www.youtube.com/watch?v=jIl1H05r5DI,youtube,temperature controller settings Tc203 Only Rotary Oven,task_1762419784.415153,keywords1.csv,2025-11-06T09:03:11.183906,,
317,Ultra supercritical power plant overview,https://www.youtube.com/watch?v=gQvWRFevdHo,youtube,"INDIA'S First Ultra Super Critical Power Plant - NTPC Khargone, Madhya Pradesh",task_1762419784.415153,keywords1.csv,2025-11-06T09:03:17.320075,,
318,Ultra supercritical power plant overview,https://www.youtube.com/watch?v=SyiHFhOcQ7M,youtube,Basic Concept of Ultra Super Critical Thermal Power Plant (Part-01) I Mithun Mahali,task_1762419784.415153,keywords1.csv,2025-11-06T09:03:25.850394,,
319,USC boiler documentation and components,https://www.youtube.com/watch?v=QAVP4i_F1ZY,youtube,Shocking Video : Disco on Horse,task_1762419784.415153,keywords1.csv,2025-11-06T09:03:32.843397,,
320,Ultra supercritical boiler operation tutorial,https://www.youtube.com/watch?v=EES-qWYomh0,youtube,Ultra supercritical Boilers,task_1762419784.415153,keywords1.csv,2025-11-06T09:03:45.141280,,
321,Ultra supercritical boiler operation tutorial,https://www.youtube.com/watch?v=gGnz849ED4M,youtube,Rankine Cycle Of Supercritical Boiler,task_1762419784.415153,keywords1.csv,2025-11-06T09:03:50.772072,,
322,CFB boiler cyclone failure case,https://www.youtube.com/watch?v=YCm4F1LV1tU,youtube,Air nozzle,task_1762419784.415153,keywords1.csv,2025-11-06T09:03:58.088856,,
323,CFB boiler cyclone failure case,https://www.youtube.com/watch?v=4Axyy-NVOuY,youtube,How CFB Boiler Maintenance and Reliability Affects Business Profitability,task_1762419784.415153,keywords1.csv,2025-11-06T09:04:04.502777,,
324,CFB boiler bed material blockage incident,https://www.youtube.com/watch?v=FnI0DL983k4,youtube,CFB Boiler Reliability,task_1762420102.055506,keywords1.csv,2025-11-06T09:08:27.672008,,
325,CFB boiler bed material blockage incident,https://www.youtube.com/watch?v=CfyWpjE0REU,youtube,cfbc boiler working principle,task_1762420102.055506,keywords1.csv,2025-11-06T09:08:47.623872,,
326,Boiler refractory damage in CFB plant,https://www.youtube.com/watch?v=RNW9N8s3k2Y,youtube,Cyclone Refractory damage coal fire  boilers on power plant,task_1762420102.055506,keywords1.csv,2025-11-06T09:09:17.635693,,
328,CFB boiler air distributor failure,https://www.youtube.com/watch?v=T6IcdLfV3G4,youtube,Fluidized Bed Boilers,task_1762420326.340196,keywords1.csv,2025-11-06T09:12:13.578241,,youtube/item_328_CFB_boiler_air_distributor_failure.mp4
329,CFB boiler air distributor failure,https://www.youtube.com/watch?v=CJqFE0R40I4,youtube,AFBC BOILER DRAIN,task_1762420326.340196,keywords1.csv,2025-11-06T09:14:37.848346,,youtube/item_329_CFB_boiler_air_distributor_failure.mp4
331,CFB boiler tube erosion accident,https://integratedglobal.com/wp-content/uploads/2021/07/PANELS.jpg,image,Maintenance-Free Specification Addresses Severe CFB Boiler Erosion ...,task_1762422315.56839,keywords1.csv,2025-11-06T09:45:26.963623,,
332,CFB boiler tube erosion accident,https://integratedglobal.com/wp-content/uploads/2021/07/pic-1024x810.jpg,image,Prevent CFB Boiler Tube Erosion - IGS Erosion Resistant HVTS Claddings,task_1762422315.56839,keywords1.csv,2025-11-06T09:45:27.965398,https://pub-57951bb0b40b4b43ab4269e87754d108.r2.dev/images/CFB_boiler_tube_erosion_accident_image_ae3609d0.jpg,images/CFB_boiler_tube_erosion_accident_image_ae3609d0.jpg
333,CFB boiler tube erosion accident,https://kirj.ee/public/oilshale_pdf/2011/issue_1s/Oil-2011-1-162-168.pdf,pdf,CATASTROPHIC WASTAGE OF TUBES IN FLUIDIZED ...,task_1762422315.56839,keywords1.csv,2025-11-06T09:45:38.216826,https://pub-57951bb0b40b4b43ab4269e87754d108.r2.dev/pdfs/CFB_boiler_tube_erosion_accident_pdf_7ef9c0da.pdf,pdfs/CFB_boiler_tube_erosion_accident_pdf_7ef9c0da.pdf
334,CFB boiler tube erosion accident,https://usea.org/sites/default/files/102013_Techno-economic%20analysis%20of%20PC%20versus%20CFB%20combustion%20technology_ccc226.pdf,pdf,Techno-economic analysis of PC versus CFB combustion ...,task_1762422315.56839,keywords1.csv,2025-11-06T09:45:41.554003,,
335,CFB boiler particle circulation malfunction,https://www.youtube.com/watch?v=4MQVJ6qbRuE,youtube,Circulating Type Fluidized Bed Boilers,task_1762422315.56839,keywords1.csv,2025-11-06T09:45:45.709376,https://pub-57951bb0b40b4b43ab4269e87754d108.r2.dev/youtube/item_335_CFB_boiler_particle_circulation_malfunction.mp4,youtube/item_335_CFB_boiler_particle_circulation_malfunction.mp4
336,CFB boiler particle circulation malfunction,https://www.youtube.com/watch?v=km2zRR7SZyE,youtube,Circulating Fluidized Bed,task_1762422315.56839,keywords1.csv,2025-11-06T09:46:27.763338,https://pub-57951bb0b40b4b43ab4269e87754d108.r2.dev/youtube/item_336_CFB_boiler_particle_circulation_malfunction.mp4,youtube/item_336_CFB_boiler_particle_circulation_malfunction.mp4
337,CFB boiler particle circulation malfunction,http://dhbboiler.com/wp-content/uploads/2023/08/8-16-2.jpg,image,Advancements in Large-Scale Circulating Fluidized Bed Boiler (CFB ...,task_1762422315.56839,keywords1.csv,2025-11-06T09:47:08.816957,https://pub-57951bb0b40b4b43ab4269e87754d108.r2.dev/images/CFB_boiler_particle_circulation_malfunction_image_a04ae0eb.jpg,images/CFB_boiler_particle_circulation_malfunction_image_a04ae0eb.jpg
338,CFB boiler particle circulation malfunction,https://dhbboiler.com/wp-content/uploads/2023/09/9-1-2.jpg,image,Optimizing CFB Boiler Performance: Active Infusion Technology for Anti ...,task_1762422315.56839,keywords1.csv,2025-11-06T09:47:13.042616,https://pub-57951bb0b40b4b43ab4269e87754d108.r2.dev/images/CFB_boiler_particle_circulation_malfunction_image_22c2cfbd.jpg,images/CFB_boiler_particle_circulation_malfunction_image_22c2cfbd.jpg
339,CFB boiler particle circulation malfunction,https://mdpi-res.com/d_attachment/energies/energies-14-06162/article_deploy/energies-14-06162-v2.pdf,pdf,Effect of Connection Resistance between Cyclones and Backpass on Furnace Solids Suspension Density Profile and Circulation Rates in CFB,task_1762422315.56839,keywords1.csv,2025-11-06T09:47:26.880352,https://pub-57951bb0b40b4b43ab4269e87754d108.r2.dev/pdfs/CFB_boiler_particle_circulation_malfunction_pdf_580965ea.pdf,pdfs/CFB_boiler_particle_circulation_malfunction_pdf_580965ea.pdf
340,CFB boiler particle circulation malfunction,https://mdpi-res.com/d_attachment/energies/energies-13-00376/article_deploy/energies-13-00376.pdf,pdf,Optimization of Fluidization State of a Circulating Fluidized Bed Boiler for Economical Operation,task_1762422315.56839,keywords1.csv,2025-11-06T09:48:09.972840,https://pub-57951bb0b40b4b43ab4269e87754d108.r2.dev/pdfs/CFB_boiler_particle_circulation_malfunction_pdf_7f2800f2.pdf,pdfs/CFB_boiler_particle_circulation_malfunction_pdf_7f2800f2.pdf
341,CFB boiler ash handling problem,https://www.youtube.com/watch?v=wlPOMYxB64Q,youtube,"Ashveyor¬Æ - Macawber Engineering, Inc. Dense Phase Pneumatic Conveying Systems. Ash Handling",task_1762422315.56839,keywords1.csv,2025-11-06T09:48:18.880377,https://pub-57951bb0b40b4b43ab4269e87754d108.r2.dev/youtube/item_341_CFB_boiler_ash_handling_problem.mp4,youtube/item_341_CFB_boiler_ash_handling_problem.mp4
342,CFB boiler ash handling problem,https://www.youtube.com/watch?v=VRUAMDxDbQE,youtube,CFB boiler wind box leaks,task_1762422315.56839,keywords1.csv,2025-11-06T09:48:58.506698,https://pub-57951bb0b40b4b43ab4269e87754d108.r2.dev/youtube/item_342_CFB_boiler_ash_handling_problem.mp4,youtube/item_342_CFB_boiler_ash_handling_problem.mp4
343,CFB boiler ash handling problem,http://www.convergencetraining.com/Images/Courses/power-boiler-ash-handling-image2.jpg,image,Power Boiler Ash Handling Training,task_1762422315.56839,keywords1.csv,2025-11-06T09:49:41.646905,https://pub-57951bb0b40b4b43ab4269e87754d108.r2.dev/images/CFB_boiler_ash_handling_problem_image_d07859ac.jpg,images/CFB_boiler_ash_handling_problem_image_d07859ac.jpg
344,CFB boiler ash handling problem,https://www.conveyingtechno.in/wp-content/uploads/2020/11/2-1.jpg,image,"Ash Handling System for Boiler, Ash Handling Plant Manufacturer",task_1762422315.56839,keywords1.csv,2025-11-06T09:49:44.996517,https://pub-57951bb0b40b4b43ab4269e87754d108.r2.dev/images/CFB_boiler_ash_handling_problem_image_fb9887e3.jpg,images/CFB_boiler_ash_handling_problem_image_fb9887e3.jpg
345,CFB boiler ash handling problem,http://www.venus-boiler.com/technical_paper_pdf/Factors%20that%20affect%20CFBC%20panel%20erosion%20by%20K.K.Parthiban.pdf,pdf,FACTORS THAT AFFECT CFBC BOILER FURNACE TUBE ...,task_1762422315.56839,keywords1.csv,2025-11-06T09:49:57.205125,https://pub-57951bb0b40b4b43ab4269e87754d108.r2.dev/pdfs/CFB_boiler_ash_handling_problem_pdf_acf53f82.pdf,pdfs/CFB_boiler_ash_handling_problem_pdf_acf53f82.pdf
346,CFB boiler ash handling problem,https://www.diva-portal.org/smash/get/diva2:1184398/FULLTEXT01.pdf,pdf,CFB boiler ash handling problem,task_1762422315.56839,keywords1.csv,2025-11-06T09:50:02.769116,,
347,CFB boiler pressure fluctuation case,https://www.youtube.com/watch?v=z06pEKA6XDg,youtube,Bernoulli's Principle,task_1762422315.56839,keywords1.csv,2025-11-06T09:50:11.518109,https://pub-57951bb0b40b4b43ab4269e87754d108.r2.dev/youtube/item_347_CFB_boiler_pressure_fluctuation_case.mp4,youtube/item_347_CFB_boiler_pressure_fluctuation_case.mp4
348,CFB boiler pressure fluctuation case,https://dhbboiler.com/wp-content/uploads/2023/09/9-13-air-preheater-CFB-boiler-600x429.jpg,image,Enhancing CFB Boiler Stability: 5 Vital Steps to Follow - DHB Boiler ...,task_1762422315.56839,keywords1.csv,2025-11-06T09:51:16.893008,https://pub-57951bb0b40b4b43ab4269e87754d108.r2.dev/images/CFB_boiler_pressure_fluctuation_case_image_fdd21c9e.jpg,images/CFB_boiler_pressure_fluctuation_case_image_fdd21c9e.jpg
349,CFB boiler pressure fluctuation case,https://research.chalmers.se/publication/526069/file/526069_Fulltext.pdf,pdf,Fluid dynamic regimes in circulating fluidized bed boilers‚Äî ...,task_1762422315.56839,keywords1.csv,2025-11-06T09:51:29.003914,https://pub-57951bb0b40b4b43ab4269e87754d108.r2.dev/pdfs/CFB_boiler_pressure_fluctuation_case_pdf_f6c0dc24.pdf,pdfs/CFB_boiler_pressure_fluctuation_case_pdf_f6c0dc24.pdf
350,CFB boiler pressure fluctuation case,https://mdpi-res.com/d_attachment/energies/energies-15-07720/article_deploy/energies-15-07720.pdf,pdf,Discussion on the Feasibility of Deep Peak Regulation for Ultra-Supercritical Circulating Fluidized Bed Boiler,task_1762422315.56839,keywords1.csv,2025-11-06T09:51:50.566848,https://pub-57951bb0b40b4b43ab4269e87754d108.r2.dev/pdfs/CFB_boiler_pressure_fluctuation_case_pdf_2be4a0ec.pdf,pdfs/CFB_boiler_pressure_fluctuation_case_pdf_2be4a0ec.pdf
351,CFB boiler furnace explosion analysis,https://www.youtube.com/watch?v=BaCcPcIjuYg,youtube,The Truth About Sand in Fluidized Bed Boilers ‚Äì Boost Efficiency Instantly,task_1762422315.56839,keywords1.csv,2025-11-06T09:52:02.926103,https://pub-57951bb0b40b4b43ab4269e87754d108.r2.dev/youtube/item_351_CFB_boiler_furnace_explosion_analysis.mp4,youtube/item_351_CFB_boiler_furnace_explosion_analysis.mp4
352,CFB boiler furnace explosion analysis,https://www.youtube.com/watch?v=uqbdQXvwR-U,youtube,How Does a Biomass/Wood-fired Boiler Plant Work?,task_1762422315.56839,keywords1.csv,2025-11-06T09:53:12.611235,https://pub-57951bb0b40b4b43ab4269e87754d108.r2.dev/youtube/item_352_CFB_boiler_furnace_explosion_analysis.mp4,youtube/item_352_CFB_boiler_furnace_explosion_analysis.mp4
353,CFB boiler furnace explosion analysis,http://dhbboiler.com/wp-content/uploads/2022/07/CFB7.jpg,image,CFB Boiler - Industrial Boilers Manufacturer,task_1762422315.56839,keywords1.csv,2025-11-06T09:53:59.611006,https://pub-57951bb0b40b4b43ab4269e87754d108.r2.dev/images/CFB_boiler_furnace_explosion_analysis_image_08e963b4.jpg,images/CFB_boiler_furnace_explosion_analysis_image_08e963b4.jpg
354,CFB boiler furnace explosion analysis,https://www.researchgate.net/profile/Hui_Zhou20/publication/304108644/figure/fig5/AS:449307594760192@1484134686127/A-CFB-boiler-heating-surface_Q320.jpg,image,"3 CFB boiler furnace types. Note: (1) air distributor, (2) furnace, (3 ...",task_1762422315.56839,keywords1.csv,2025-11-06T09:54:01.697249,,
355,CFB boiler furnace explosion analysis,https://www.csb.gov/assets/1/6/husky_superior_refinery_report_2022-12-23_(1).pdf,pdf,FCC Unit Explosion and Asphalt Fire at Husky Superior ...,task_1762422315.56839,keywords1.csv,2025-11-06T09:54:06.402674,https://pub-57951bb0b40b4b43ab4269e87754d108.r2.dev/pdfs/CFB_boiler_furnace_explosion_analysis_pdf_1a8e27c8.pdf,pdfs/CFB_boiler_furnace_explosion_analysis_pdf_1a8e27c8.pdf
356,CFB boiler furnace explosion analysis,http://article.isciencegroup.com/pdf/10380079.pdf,pdf,Summary of Cfb Boiler Cleaning Reform Technology,task_1762422315.56839,keywords1.csv,2025-11-06T09:54:13.030077,https://pub-57951bb0b40b4b43ab4269e87754d108.r2.dev/pdfs/CFB_boiler_furnace_explosion_analysis_pdf_ebc7e1c4.pdf,pdfs/CFB_boiler_furnace_explosion_analysis_pdf_ebc7e1c4.pdf
357,Circulating fluidized bed combustion process,https://www.youtube.com/watch?v=HrMcTgzDuLA,youtube,Atmospheric Fluidized Bed Combustion,task_1762423935.584544,keywords1.csv,2025-11-06T10:12:29.789891,https://pub-57951bb0b40b4b43ab4269e87754d108.r2.dev/youtube/item_357_Circulating_fluidized_bed_combustion_process.mp4,youtube/item_357_Circulating_fluidized_bed_combustion_process.mp4
358,Circulating fluidized bed combustion process,https://www.youtube.com/watch?v=tCJmhYOstaA,youtube,Animation of Xinli boiler circulating fluidized bed,task_1762423935.584544,keywords1.csv,2025-11-06T10:13:21.291929,https://pub-57951bb0b40b4b43ab4269e87754d108.r2.dev/youtube/item_358_Circulating_fluidized_bed_combustion_process.mp4,youtube/item_358_Circulating_fluidized_bed_combustion_process.mp4
359,Circulating fluidized bed combustion process,https://vn-industry.com/wp-content/uploads/2023/12/Fluidized-Bed-Combustion-Boiler-Vnindustry-2-1024x665.png,image,Fluidized bed combustion boiler - Vn-Industry,task_1762423935.584544,keywords1.csv,2025-11-06T10:14:36.022044,https://pub-57951bb0b40b4b43ab4269e87754d108.r2.dev/images/Circulating_fluidized_bed_combustion_process_image_697f28fd.png,images/Circulating_fluidized_bed_combustion_process_image_697f28fd.png
360,Circulating fluidized bed combustion process,http://4.bp.blogspot.com/-8vlxXSBakhE/TijZACp9jXI/AAAAAAAAAIc/XIhmasXLA9w/s1600/Circulating+Fluidized+Bed+Combustion+Boilers+%2528CFBC%2529.jpg,image,Steam Boiler: Circulating Fluidized Bed Combustion Boilers (CFBC),task_1762423935.584544,keywords1.csv,2025-11-06T10:14:38.681619,https://pub-57951bb0b40b4b43ab4269e87754d108.r2.dev/images/Circulating_fluidized_bed_combustion_process_image_8078772a.jpg,images/Circulating_fluidized_bed_combustion_process_image_8078772a.jpg
361,Circulating fluidized bed combustion process,https://netl.doe.gov/projects/files/BiomassCombustioninaCirculatingFluidizedBedCombustorDOENETL2020.2148_091020%20.pdf,pdf,Biomass Combustion in a Circulating Fluidized Bed Combustor,task_1762423935.584544,keywords1.csv,2025-11-06T10:14:47.728482,https://pub-57951bb0b40b4b43ab4269e87754d108.r2.dev/pdfs/Circulating_fluidized_bed_combustion_process_pdf_64b9bfa7.pdf,pdfs/Circulating_fluidized_bed_combustion_process_pdf_64b9bfa7.pdf
362,Circulating fluidized bed combustion process,https://usea.org/sites/default/files/042013_Developments%20in%20circulating%20fluidised%20bed%20combustion_ccc219.pdf,pdf,Developments in circulating fluidised bed combustion,task_1762423935.584544,keywords1.csv,2025-11-06T10:14:55.987684,,
363,CFB boiler air flow and cyclone design,https://www.researchgate.net/publication/363361796/figure/fig1/AS:11431281117607066@1675481514692/Process-flow-diagram-of-the-CFB-boiler_Q320.jpg,image,Process flow diagram of the CFB boiler | Download Scientific Diagram,task_1762423935.584544,keywords1.csv,2025-11-06T10:15:00.260827,,
364,CFB boiler air flow and cyclone design,https://www.researchgate.net/publication/363361796/figure/fig1/AS:11431281117607066@1675481514692/Process-flow-diagram-of-the-CFB-boiler.png,image,Process flow diagram of the CFB boiler | Download Scientific Diagram,task_1762423935.584544,keywords1.csv,2025-11-06T10:15:00.998560,,
365,CFB boiler air flow and cyclone design,https://pdfs.semanticscholar.org/60f5/5f71bd6d2a98f9e6abba9c3c64f3f933b50b.pdf,pdf,Numerical Study of the Gas‚ÄìSolid Separation Performance of Axial Flow Cyclone Separators,task_1762423935.584544,keywords1.csv,2025-11-06T10:15:05.590765,https://pub-57951bb0b40b4b43ab4269e87754d108.r2.dev/pdfs/CFB_boiler_air_flow_and_cyclone_design_pdf_f90f3442.pdf,pdfs/CFB_boiler_air_flow_and_cyclone_design_pdf_f90f3442.pdf
366,CFB boiler air flow and cyclone design,https://www.saimm.co.za/Conferences/IFSA2011/031-Gauvill%C3%A9.pdf,pdf,Achievable combustion efficiency with Alstom's CFB boilers ...,task_1762423935.584544,keywords1.csv,2025-11-06T10:15:19.759285,https://pub-57951bb0b40b4b43ab4269e87754d108.r2.dev/pdfs/CFB_boiler_air_flow_and_cyclone_design_pdf_03b38f8e.pdf,pdfs/CFB_boiler_air_flow_and_cyclone_design_pdf_03b38f8e.pdf
367,Rentech HRSG operational fault diagnosis,https://images.squarespace-cdn.com/content/v1/59b93687f7e0abbcac1efcd3/1505547256467-KEE0NWAAMK1J5ZNUAOHL/Rentech+03+Qenos+RV1104-1.jpg,image,RENTECH BOILERS ‚Äì Packaged & Modular Watertube Boilers & HRSGs ‚Äî Apogee ...,task_1762452151.361704,keywords1.csv,2025-11-06T18:02:45.405457,https://pub-57951bb0b40b4b43ab4269e87754d108.r2.dev/images/Rentech_HRSG_operational_fault_diagnosis_image_d71fa675.jpg,images/Rentech_HRSG_operational_fault_diagnosis_image_d71fa675.jpg
368,Rentech HRSG operational fault diagnosis,https://i1.rgstatic.net/publication/362054018_Operational_Status_Monitoring_and_Fault_Diagnosis_System_of_Transformer_Equipment/links/62d4416b5aab971198b7203b/largepreview.png,image,(PDF) Operational Status Monitoring and Fault Diagnosis System of ...,task_1762452151.361704,keywords1.csv,2025-11-06T18:02:49.090851,,
369,Rentech HRSG operational fault diagnosis,https://gas.atco.com/content/dam/web/for-business/natural-gas/CHP_magazine.pdf,pdf,Combined Heat and Power,task_1762452151.361704,keywords1.csv,2025-11-06T18:02:56.624457,https://pub-57951bb0b40b4b43ab4269e87754d108.r2.dev/pdfs/Rentech_HRSG_operational_fault_diagnosis_pdf_490ca7e9.pdf,pdfs/Rentech_HRSG_operational_fault_diagnosis_pdf_490ca7e9.pdf
370,Rentech HRSG operational fault diagnosis,https://www.abma.com/assets/docs/FINAL_ABMA_BGd_Web.pdf,pdf,BUYERS GUIDE,task_1762452151.361704,keywords1.csv,2025-11-06T18:03:01.576963,https://pub-57951bb0b40b4b43ab4269e87754d108.r2.dev/pdfs/Rentech_HRSG_operational_fault_diagnosis_pdf_4edb67eb.pdf,pdfs/Rentech_HRSG_operational_fault_diagnosis_pdf_4edb67eb.pdf
371,Package boiler pressure fluctuation troubleshooting,https://www.youtube.com/watch?v=D9jtvsXJoGg,youtube,How to set hot water boiler pressure,task_1762452151.361704,keywords1.csv,2025-11-06T18:03:12.651902,https://pub-57951bb0b40b4b43ab4269e87754d108.r2.dev/youtube/item_371_Package_boiler_pressure_fluctuation_troubleshootin.mp4,youtube/item_371_Package_boiler_pressure_fluctuation_troubleshootin.mp4
372,Package boiler pressure fluctuation troubleshooting,https://www.youtube.com/watch?v=aMpHIoA3_OU,youtube,Deaerator Pressure Issues? Here‚Äôs How to Solve Them! Weekly Boiler TIp,task_1762452151.361704,keywords1.csv,2025-11-06T18:04:18.431657,https://pub-57951bb0b40b4b43ab4269e87754d108.r2.dev/youtube/item_372_Package_boiler_pressure_fluctuation_troubleshootin.mp4,youtube/item_372_Package_boiler_pressure_fluctuation_troubleshootin.mp4
373,Package boiler pressure fluctuation troubleshooting,https://www.caleffi.com/sites/default/files/media/external-file/Idronics_32_NA_Troubleshooting%20hydronic%20systems.pdf,pdf,Troubleshooting Hydronic Systems,task_1762452151.361704,keywords1.csv,2025-11-06T18:05:10.442860,https://pub-57951bb0b40b4b43ab4269e87754d108.r2.dev/pdfs/Package_boiler_pressure_fluctuation_troubleshootin_pdf_27192f45.pdf,pdfs/Package_boiler_pressure_fluctuation_troubleshootin_pdf_27192f45.pdf
374,Package boiler pressure fluctuation troubleshooting,https://www.sterlingdeaerator.com/sdc_master_images/Files%20to%20Link%20to%20Website/troubleshooting.pdf,pdf,Troubleshooting Deaerators,task_1762452151.361704,keywords1.csv,2025-11-06T18:05:15.411572,https://pub-57951bb0b40b4b43ab4269e87754d108.r2.dev/pdfs/Package_boiler_pressure_fluctuation_troubleshootin_pdf_ce4f9c68.pdf,pdfs/Package_boiler_pressure_fluctuation_troubleshootin_pdf_ce4f9c68.pdf
375,Package boiler tube corrosion maintenance,https://www.youtube.com/watch?v=_MgmeITdz88,youtube,Webinar: Industrial Boiler Corrosion Deposition Failures,task_1762452151.361704,keywords1.csv,2025-11-06T18:05:21.048022,https://pub-57951bb0b40b4b43ab4269e87754d108.r2.dev/youtube/item_375_Package_boiler_tube_corrosion_maintenance.mp4,youtube/item_375_Package_boiler_tube_corrosion_maintenance.mp4
376,Package boiler tube corrosion maintenance,https://www.youtube.com/watch?v=lbTgS8Zbc5E,youtube,Boiler Maintenance (Part-1),task_1762452151.361704,keywords1.csv,2025-11-06T18:06:32.674308,https://pub-57951bb0b40b4b43ab4269e87754d108.r2.dev/youtube/item_376_Package_boiler_tube_corrosion_maintenance.mp4,youtube/item_376_Package_boiler_tube_corrosion_maintenance.mp4
377,Package boiler tube corrosion maintenance,https://www.boilersmith.com/wp-content/uploads/2019/01/AppendixDTwelveWaystoAvoidBoilerTubeCorrosion20100504.pdf,pdf,12 Ways To Avoid Boiler Tube Corrosion,task_1762452151.361704,keywords1.csv,2025-11-06T18:07:14.985201,https://pub-57951bb0b40b4b43ab4269e87754d108.r2.dev/pdfs/Package_boiler_tube_corrosion_maintenance_pdf_f388340b.pdf,pdfs/Package_boiler_tube_corrosion_maintenance_pdf_f388340b.pdf
378,Package boiler tube corrosion maintenance,https://www.steamforum.com/pictures/e1013153.pdf,pdf,Reduce Future Boiler Tube Failures,task_1762452151.361704,keywords1.csv,2025-11-06T18:07:19.106769,https://pub-57951bb0b40b4b43ab4269e87754d108.r2.dev/pdfs/Package_boiler_tube_corrosion_maintenance_pdf_dc9bc31b.pdf,pdfs/Package_boiler_tube_corrosion_maintenance_pdf_dc9bc31b.pdf
379,HRSG operation tutorial video,https://www.youtube.com/watch?v=myuu9DDq2V0,youtube,HRSG Feedwater and Steam Valve Operation Overview,task_1762455011.009051,keywords1.csv,2025-11-06T18:50:21.164884,https://pub-57951bb0b40b4b43ab4269e87754d108.r2.dev/youtube/item_379_HRSG_operation_tutorial_video.mp4,youtube/item_379_HRSG_operation_tutorial_video.mp4
380,HRSG operation tutorial video,https://www.researchgate.net/profile/Pablo-Ibarguengoytia/publication/242508502/figure/fig2/AS:669406279524354@1536610302232/HRSG-operation-curve-in-steady-conditions.jpg,image,HRSG operation curve in steady conditions | Download Scientific Diagram,task_1762455011.009051,keywords1.csv,2025-11-06T18:51:15.108290,,
381,HRSG operation tutorial video,https://www.researchgate.net/profile/Pablo-Ibarguengoytia/publication/242508502/figure/fig2/AS:669406279524354@1536610302232/HRSG-operation-curve-in-steady-conditions_Q320.jpg,image,HRSG operation curve in steady conditions | Download Scientific Diagram,task_1762455011.009051,keywords1.csv,2025-11-06T18:51:16.630129,,
382,HRSG operation tutorial video,https://www.gevernovatechtraining.com/momentum/downloads/Customer_Course_Catalog.pdf,pdf,GAS POWER - GE Vernova,task_1762455011.009051,keywords1.csv,2025-11-06T18:51:29.403337,https://pub-57951bb0b40b4b43ab4269e87754d108.r2.dev/pdfs/HRSG_operation_tutorial_video_pdf_74284113.pdf,pdfs/HRSG_operation_tutorial_video_pdf_74284113.pdf
383,HRSG operation tutorial video,https://www.angelfire.com/md3/vganapathy/hrsgcep.pdf,pdf,Heat-Recovery Steam Generators: Understand the Basics,task_1762455011.009051,keywords1.csv,2025-11-06T18:51:45.682747,https://pub-57951bb0b40b4b43ab4269e87754d108.r2.dev/pdfs/HRSG_operation_tutorial_video_pdf_754fb239.pdf,pdfs/HRSG_operation_tutorial_video_pdf_754fb239.pdf
384,HRSG design manual,https://www.youtube.com/watch?v=cT1UoyHrDfA,youtube,HRSG First Initial Firing,task_1762455011.009051,keywords1.csv,2025-11-06T18:52:07.920742,https://pub-57951bb0b40b4b43ab4269e87754d108.r2.dev/youtube/item_384_HRSG_design_manual.mp4,youtube/item_384_HRSG_design_manual.mp4
385,HRSG design manual,https://www.youtube.com/watch?v=Ex5ltopo6-M,youtube,HRSG BiPass Damper Animation,task_1762455011.009051,keywords1.csv,2025-11-06T18:53:13.036096,https://pub-57951bb0b40b4b43ab4269e87754d108.r2.dev/youtube/item_385_HRSG_design_manual.mp4,youtube/item_385_HRSG_design_manual.mp4
386,HRSG design manual,https://www.rishabheng.com/wp-content/uploads/2021/07/Detail-Design-and-Drawing-preparation-for-the-HRSG-and-GAS-Turbine-Duct-Unit-585x414.png,image,HRSG Duct Unit Detail Design and Drawing,task_1762455011.009051,keywords1.csv,2025-11-06T18:54:19.474253,https://pub-57951bb0b40b4b43ab4269e87754d108.r2.dev/images/HRSG_design_manual_image_ebd07ace.png,images/HRSG_design_manual_image_ebd07ace.png
387,HRSG design manual,https://boilersinfo.com/wp-content/uploads/2018/08/Basics-of-Boilers-and-HRSG-Design.jpg,image,Basics of Boilers and HRSG Design,task_1762455011.009051,keywords1.csv,2025-11-06T18:54:41.292743,https://pub-57951bb0b40b4b43ab4269e87754d108.r2.dev/images/HRSG_design_manual_image_51ea0067.jpg,images/HRSG_design_manual_image_51ea0067.jpg
388,HRSG design manual,https://otsg.com/ist-uploads/2019/09/WP0201.pdf,pdf,2002 HEAT RECOVERY STEAM GENERATORS ...,task_1762455011.009051,keywords1.csv,2025-11-06T18:54:54.016422,https://pub-57951bb0b40b4b43ab4269e87754d108.r2.dev/pdfs/HRSG_design_manual_pdf_f7621f97.pdf,pdfs/HRSG_design_manual_pdf_f7621f97.pdf
389,HRSG design manual,https://www.daboosanat.com/wp-content/uploads/2022/08/industrial-boiler_Original-Version.pdf,pdf,Industrial Boilers and Heat Recovery Steam Generators,task_1762455011.009051,keywords1.csv,2025-11-06T18:54:57.973295,https://pub-57951bb0b40b4b43ab4269e87754d108.r2.dev/pdfs/HRSG_design_manual_pdf_86ef75e7.pdf,pdfs/HRSG_design_manual_pdf_86ef75e7.pdf
390,HRSG manufacturer introduction,https://www.youtube.com/watch?v=hsUXd_eQeRU,youtube,Penetration Seals in HRSG,task_1762455011.009051,keywords1.csv,2025-11-06T18:55:20.276517,https://pub-57951bb0b40b4b43ab4269e87754d108.r2.dev/youtube/item_390_HRSG_manufacturer_introduction.mp4,youtube/item_390_HRSG_manufacturer_introduction.mp4
391,HRSG manufacturer introduction,https://www.youtube.com/watch?v=ell3ExEpzd8,youtube,Waste Heat Recovery Boiler-based power plant,task_1762455011.009051,keywords1.csv,2025-11-06T18:56:22.980832,https://pub-57951bb0b40b4b43ab4269e87754d108.r2.dev/youtube/item_391_HRSG_manufacturer_introduction.mp4,youtube/item_391_HRSG_manufacturer_introduction.mp4
392,HRSG manufacturer introduction,https://dhbboiler.com/wp-content/uploads/2022/10/HSRG-BOILER-advantage1-600x420.jpg,image,HRSG boiler - Industrial Boilers Manufacturer,task_1762455011.009051,keywords1.csv,2025-11-06T18:57:33.744129,https://pub-57951bb0b40b4b43ab4269e87754d108.r2.dev/images/HRSG_manufacturer_introduction_image_76c83636.jpg,images/HRSG_manufacturer_introduction_image_76c83636.jpg
393,HRSG manufacturer introduction,https://gevernova.com/content/dam/gepower-new/global/en_US/downloads/gas-new-site/products/hrsg/GED7531-HRSG-Product-Poster-2023_R1.pdf,pdf,GED7531 HRSG Product Poster - 2023,task_1762455011.009051,keywords1.csv,2025-11-06T18:57:49.829066,https://pub-57951bb0b40b4b43ab4269e87754d108.r2.dev/pdfs/HRSG_manufacturer_introduction_pdf_664fb85a.pdf,pdfs/HRSG_manufacturer_introduction_pdf_664fb85a.pdf
394,HRSG manufacturer introduction,https://www.babcockpower.com/wp-content/uploads/vogt_power_hrsg_constructability.pdf,pdf,Heat Recovery Steam Generators: Constructability,task_1762455011.009051,keywords1.csv,2025-11-06T18:57:53.663124,https://pub-57951bb0b40b4b43ab4269e87754d108.r2.dev/pdfs/HRSG_manufacturer_introduction_pdf_16c36d4b.pdf,pdfs/HRSG_manufacturer_introduction_pdf_16c36d4b.pdf
395,Package boiler tube rupture,https://www.cw-connect.com/sites/default/files/2020-01/Predicting_and_Mitigating_Impact_of_Boiler_and_HRSG_Stress-Rupture_Tube_Failures_2015.pdf,pdf,Predicting/Mitigating Impact of Boiler/HRSG Stress-Rupture ...,task_1762455011.009051,keywords1.csv,2025-11-06T18:58:11.758856,,
396,Package boiler tube rupture,https://files.technicalsafetybc.ca/v3/assets/bltdec2ded849740f4d/bltd36e2c660fa620c4/63326fd7cf0c41524b1f586d/II-757086-2018_(_9144).pdf,pdf,Incident Summary #II-757086-2018 (#9144),task_1762455011.009051,keywords1.csv,2025-11-06T18:58:13.022959,https://pub-57951bb0b40b4b43ab4269e87754d108.r2.dev/pdfs/Package_boiler_tube_rupture_pdf_d1fb02c3.pdf,pdfs/Package_boiler_tube_rupture_pdf_d1fb02c3.pdf
421,WHRB system components layout,https://www.youtube.com/watch?v=cYsTc_jV9mo,youtube,Steam Boiler,task_1762460110.38712,keywords1.csv,2025-11-06T20:15:18.965815,https://pub-57951bb0b40b4b43ab4269e87754d108.r2.dev/youtube/item_421_WHRB_system_components_layout.mp4,youtube/item_421_WHRB_system_components_layout.mp4
422,WHRB system components layout,https://fivescail-kcp.com/wp-content/uploads/2024/02/image6-scaled.jpg,image,Premium WHRB Systems for Steel Plants | Fives Cail-KCP,task_1762460110.38712,keywords1.csv,2025-11-06T20:16:21.164972,https://pub-57951bb0b40b4b43ab4269e87754d108.r2.dev/images/WHRB_system_components_layout_image_b35b46f8.jpg,images/WHRB_system_components_layout_image_b35b46f8.jpg
423,WHRB system components layout,https://www.researchgate.net/publication/366079031/figure/tbl4/AS:11431281105672580@1670487090896/Components-for-the-WHR-subsystem.png,image,Components for the WHR subsystem. | Download Scientific Diagram,task_1762460110.38712,keywords1.csv,2025-11-06T20:16:25.985811,,
424,WHRB system components layout,https://assets.lochinvar.com/damroot/Original/10014/356821WH-RP_Rev%20G_100161820_2000019117.pdf,pdf,WH-RP_Rev G_100161820_2000019117.indd,task_1762460110.38712,keywords1.csv,2025-11-06T20:16:31.752680,https://pub-57951bb0b40b4b43ab4269e87754d108.r2.dev/pdfs/WHRB_system_components_layout_pdf_07d0b79d.pdf,pdfs/WHRB_system_components_layout_pdf_07d0b79d.pdf
425,WHRB system components layout,https://www.beeindia.gov.in/sites/default/files/2Ch8.pdf,pdf,8. WASTE HEAT RECOVERY,task_1762460110.38712,keywords1.csv,2025-11-06T20:16:37.651480,https://pub-57951bb0b40b4b43ab4269e87754d108.r2.dev/pdfs/WHRB_system_components_layout_pdf_53304259.pdf,pdfs/WHRB_system_components_layout_pdf_53304259.pdf
426,Thermax boiler efficiency analysis,https://www.constructionweekonline.in/cloud/2021/11/24/MYG2aLAM-thermax-boiler-1.jpeg,image,Thermax bags Rs 293-cr boiler package order - Construction Week India,task_1762460110.38712,keywords1.csv,2025-11-06T20:16:50.261736,https://pub-57951bb0b40b4b43ab4269e87754d108.r2.dev/images/Thermax_boiler_efficiency_analysis_image_9782db28.jpg,images/Thermax_boiler_efficiency_analysis_image_9782db28.jpg
427,Thermax boiler efficiency analysis,https://www.energy.greenbusinesscentre.com/mv/chempharma/presentations/2024/Thermax.pdf,pdf,Thermax boiler efficiency analysis,task_1762460110.38712,keywords1.csv,2025-11-06T20:16:59.935213,https://pub-57951bb0b40b4b43ab4269e87754d108.r2.dev/pdfs/Thermax_boiler_efficiency_analysis_pdf_b381dae1.pdf,pdfs/Thermax_boiler_efficiency_analysis_pdf_b381dae1.pdf
428,Thermax boiler efficiency analysis,https://beeindia.gov.in/sites/default/files/Thermal%20Power%20Plant.pdf,pdf,Final Thermal Power Plant Cover.cdr,task_1762460110.38712,keywords1.csv,2025-11-06T20:17:42.782258,https://pub-57951bb0b40b4b43ab4269e87754d108.r2.dev/pdfs/Thermax_boiler_efficiency_analysis_pdf_c90c961a.pdf,pdfs/Thermax_boiler_efficiency_analysis_pdf_c90c961a.pdf
429,Stoker-fired boiler parts catalog,https://www.youtube.com/watch?v=4VQkoJaF3a4,youtube,Stoker Firing,task_1762460110.38712,keywords1.csv,2025-11-06T20:17:54.377943,https://pub-57951bb0b40b4b43ab4269e87754d108.r2.dev/youtube/item_429_Stoker-fired_boiler_parts_catalog.mp4,youtube/item_429_Stoker-fired_boiler_parts_catalog.mp4
430,Stoker-fired boiler parts catalog,https://www.youtube.com/watch?v=PXa0OC8Q2bo,youtube,Mechanical Stoker Firing / Boiler Firing in Hindi,task_1762460110.38712,keywords1.csv,2025-11-06T20:19:45.046269,https://pub-57951bb0b40b4b43ab4269e87754d108.r2.dev/youtube/item_430_Stoker-fired_boiler_parts_catalog.mp4,youtube/item_430_Stoker-fired_boiler_parts_catalog.mp4
431,Stoker-fired boiler parts catalog,https://boilersinfo.com/wp-content/uploads/2018/05/Travelling-Grate-Stoker-310x165.jpg,image,Stoker Fired Boiler Archives - Boilersinfo,task_1762460110.38712,keywords1.csv,2025-11-06T20:21:00.083428,https://pub-57951bb0b40b4b43ab4269e87754d108.r2.dev/images/Stoker-fired_boiler_parts_catalog_image_4937063a.jpg,images/Stoker-fired_boiler_parts_catalog_image_4937063a.jpg
432,Stoker-fired boiler parts catalog,https://boilersinfo.com/wp-content/uploads/2018/05/chain-grate-stokder.jpg,image,Stoker Fired Boiler types of stokers,task_1762460110.38712,keywords1.csv,2025-11-06T20:21:22.116219,https://pub-57951bb0b40b4b43ab4269e87754d108.r2.dev/images/Stoker-fired_boiler_parts_catalog_image_efb13a20.jpg,images/Stoker-fired_boiler_parts_catalog_image_efb13a20.jpg
433,Stoker-fired boiler parts catalog,https://downloads.hearthnhome.com/installManuals/VF3000.pdf,pdf,VF3000 Coal Stoker Boiler,task_1762460110.38712,keywords1.csv,2025-11-06T20:21:29.166969,https://pub-57951bb0b40b4b43ab4269e87754d108.r2.dev/pdfs/Stoker-fired_boiler_parts_catalog_pdf_f0bdb0fb.pdf,pdfs/Stoker-fired_boiler_parts_catalog_pdf_f0bdb0fb.pdf
434,Stoker-fired boiler parts catalog,https://www.babcockpower.com/wp-content/uploads/2018/02/considerations-for-rehabilitating-spreader-stoker-fired-boilers.pdf,pdf,Considerations for rehabilitating spreader stoker-fired boilers,task_1762460110.38712,keywords1.csv,2025-11-06T20:21:39.619879,,
435,Industrial modular boiler overview video,https://www.cutsncamera.com/wp-content/uploads/2020/08/industrial-shoot-film-makers-gurugram-gurgaon-ggn-haryana-1024x683.jpeg,image,Making successful industrial videos is not impossible,task_1762491652.313007,keywords1.csv,2025-11-07T05:01:02.327537,,
436,Lochinvar OEM training video,https://www.youtube.com/watch?v=LfiLu7zcWnM,youtube,Lochinvar NKC-150N Flame Sense Ignition Failure Error Step by Step Instructional Fix Repair Video,task_1762491652.313007,keywords1.csv,2025-11-07T05:01:13.326182,,
437,Lochinvar OEM training video,http://oemtraining.ie/wp-content/uploads/2020/02/OEMTrainLogo_Large.jpg,image,OEM Training,task_1762491652.313007,keywords1.csv,2025-11-07T05:01:15.752199,,
438,Lochinvar OEM training video,https://www.lochinvaru.us/images/2018/icons/smarttouch19.png,image,Welcome to LochinvarU,task_1762491652.313007,keywords1.csv,2025-11-07T05:01:15.762368,,
439,Aerco maintenance guide,https://www.youtube.com/watch?v=cOkxeSYuv_w,youtube,Aerco Modulex MLX-303 Fireside Maintenance,task_1762491652.313007,keywords1.csv,2025-11-07T05:01:17.794448,,
440,Aerco maintenance guide,https://www.youtube.com/watch?v=tiNxyvRF5C4,youtube,Aerco Boiler One Year Maintenance Tutorial,task_1762491652.313007,keywords1.csv,2025-11-07T05:01:17.807101,,
441,Aerco maintenance guide,https://www.partshnc.com/media/catalog/product/cache/9794574a912b188660e6bcb551fac786/1/2/124929_aerco-boiler-and-water-heater_partshnc.gif,image,AERCO 124929 Annual Maintenance Kit | PartsHnC,task_1762491652.313007,keywords1.csv,2025-11-07T05:01:18.359285,,
442,Aerco maintenance guide,https://s3.manualzz.com/store/data/065523117_1-365ca543ff55c521f2b89ebe0f0f2390-360x466.png,image,AERCO Modulex EXT Condensing Guide | Manualzz,task_1762491652.313007,keywords1.csv,2025-11-07T05:01:18.361136,,
443,RBI Torus manufacturer introduction,https://www.youtube.com/watch?v=K_uMvv0EL04,youtube,Torus App Review 2025: The Truth About Its Features and Profits,task_1762491652.313007,keywords1.csv,2025-11-07T05:01:20.476692,,
444,RBI Torus manufacturer introduction,https://www.youtube.com/watch?v=oEPn35ooVn8,youtube,Heatnet Features,task_1762491652.313007,keywords1.csv,2025-11-07T05:01:20.487347,,
